transaction_id,trans_date,sender_id,receiver_id,amount,cat_id
0d0e52b6,2021-05-20,abc123,ffa7-43d5,11,1
f7f19015,2021-05-21,abc123,ed00-4715,1247,2
f9053305,2021-05-21,abc123,4a41-4a3e,24,3
b4219a59,2021-05-22,6b49-41cd,abc123,2298,103
7bb58e5f,2021-05-23,abc123,277a-4fef,11,4
87b19361,2021-05-24,abc123,9ae8-44f4,25,3
e4aa69ba,2021-05-25,abc123,55a1-4c88,18,5
73f9ff26,2021-05-27,abc123,214d-4dc0,45,6
42c4d118,2021-05-27,abc123,748c-4841,15,5
4eba2ae4,2021-05-28,abc123,d5b9-4085,10,7
0bb73dd6,2021-05-29,abc123,abc8-49fb,89,8
cebd8220,2021-05-30,abc123,522e-47ec,34,9
62b4c511,2021-05-30,abc123,e437-4b1d,43,10
fcd88489,2021-05-31,0f99-4150,abc123,2000,101
bb9c61bd,2021-06-01,abc123,abf7-4125,32,11
1f0d8a5c,2021-06-01,abc123,9665-4a94,39,1
ec472b5f,2021-06-03,abc123,d719-4e14,44,10
496a5943,2021-06-03,abc123,28f9-4af6,64,3
84b509df,2021-06-04,abc123,7280-4be5,35,6
185de4b4,2021-06-04,abc123,347c-4854,60,6
4fe7f505,2021-06-07,fd3e-41b2,abc123,2000,101
92d867c3,2021-06-08,abc123,df8e-465a,50,1
4b31fced,2021-06-10,9637-4964,abc123,554,103
646c0c86,2021-06-10,4347-4396,abc123,309,102
54e5e62f,2021-06-10,abc123,d530-4f25,554,6
7003ad6e,2021-06-10,abc123,0c91-43b0,17,5
01b314af,2021-06-11,abc123,a14e-41dd,309,6
ecf47e25,2021-06-12,abc123,f1bc-4b0f,3,12
851c1ca7,2021-06-13,abc123,e6a9-41be,69,13
d0f406ca,2021-06-17,abc123,8ec9-46a2,30,9
203ad5a5,2021-06-17,abc123,91b4-4973,25,3
173d199b,2021-06-17,abc123,a13f-4a41,17,3
1722adac,2021-06-20,abc123,c4dc-467e,27,10
53676d23,2021-06-20,abc123,95fd-44f8,11,1
ce211a6b,2021-06-21,eef2-46a9,abc123,2000,101
157cd94d,2021-06-22,abc123,9c76-4942,57,3
dd1dad25,2021-06-23,abc123,97b9-4324,11,4
bb9058f3,2021-06-24,c7ea-4e84,abc123,145,102
b349ef4b,2021-06-25,a995-476e,abc123,154,103
c32ca646,2021-06-26,abc123,6096-408b,154,6
80af1c75,2021-06-26,abc123,0431-410b,65,6
e2171716,2021-06-28,abc123,f1ee-440c,30,14
68d599d2,2021-06-28,abc123,d633-404c,10,7
da70ff35,2021-06-29,abc123,b58b-474e,10,11
7cd54aab,2021-06-30,abc123,06ae-4770,106,3
0b2eb28f,2021-07-01,abc123,973c-4e24,36,9
a5290684,2021-07-01,abc123,aacd-4d1e,89,8
2550dc3f,2021-07-03,abc123,3952-4f91,14,15
2f7cb59a,2021-07-04,abc123,7666-4e02,10,3
1ad85716,2021-07-04,abc123,545f-4626,60,6
94aa9bed,2021-07-05,6b64-4a15,abc123,2000,101
19bf7ffe,2021-07-05,abc123,d286-4347,8,3
39a553a0,2021-07-05,abc123,61fa-4bc2,35,6
e36df20c,2021-07-09,abc123,e824-436f,35,10
f1d68f63,2021-07-09,abc123,f917-40d1,23,3
287ef72c,2021-07-10,abc123,a148-43d1,2,12
1e1d16ab,2021-07-11,abc123,f1b6-460b,4,12
3889e748,2021-07-15,c3ff-4de4,abc123,765,103
e5388d77,2021-07-15,704c-4a7e,abc123,156,103
8d5d4332,2021-07-15,abc123,391c-429e,765,6
046a5299,2021-07-15,abc123,7649-4eca,74,13
367c7c6c,2021-07-15,abc123,5692-4f45,85,3
9717efbf,2021-07-15,abc123,cee8-4e3e,32,9
00bda69b,2021-07-16,abc123,7a0a-4ccc,156,6
5ced1a98,2021-07-18,abc123,aac2-450a,32,10
128457a5,2021-07-18,abc123,508f-4204,13,1
250b4d41,2021-07-19,ef59-4165,abc123,2000,101
ea263637,2021-07-20,abc123,edd3-41e1,23,10
903f4676,2021-07-21,abc123,56a7-4bca,10,10
880d4617,2021-07-21,abc123,1fce-47b0,11,4
df990b3c,2021-07-21,abc123,3339-4029,42,3
78e854d8,2021-07-22,abc123,19f9-41cd,3,12
f26881ee,2021-07-22,c583-4b8a,abc123,761,103
e36f6c34,2021-07-24,abc123,341b-4eb7,3,12
49b017a7,2021-07-25,abc123,c7f8-4f4b,34,9
a25b1621,2021-07-25,abc123,830c-4094,52,6
f9d65cc4,2021-07-26,abc123,394e-4780,20,10
2645aa0a,2021-07-26,abc123,1f6b-49e4,5,10
207d21f8,2021-07-26,abc123,e0df-409f,10,7
36e9d9c0,2021-07-29,abc123,6e5f-474a,19,10
e32e1cde,2021-07-29,abc123,119a-4fb9,89,8
73632fbf,2021-07-30,abc123,9a4b-4f96,45,1
7f2c1335,2021-07-31,abc123,8320-4b3e,22,10
ecce0678,2021-07-31,abc123,f23e-44be,8,3
8b90f7f8,2021-08-01,abc123,d654-4c5d,3,12
f37cde1d,2021-08-01,abc123,dfaf-4ea8,60,6
66fb65ee,2021-08-02,8459-4c74,abc123,2000,101
af593d61,2021-08-03,abc123,3faa-4a74,19,15
b13e4bf2,2021-08-03,abc123,7423-402a,23,11
ebf969ff,2021-08-05,abc123,6d9f-4992,36,3
d7ed7a63,2021-08-05,abc123,5b67-426e,35,6
a47139dc,2021-08-06,abc123,58a8-4fa1,14,1
e295c1f1,2021-08-08,abc123,2133-4341,30,9
d2007475,2021-08-09,e83e-49d7,abc123,559,103
60dbf819,2021-08-09,abc123,e415-415f,11,10
bdf3e144,2021-08-12,abc123,ee0c-4a1b,74,13
01753635,2021-08-14,abc123,2c70-442d,16,10
3391e160,2021-08-14,abc123,b2fa-4628,24,3
6f585654,2021-08-15,abc123,f715-4bd9,17,3
cb2d50ca,2021-08-16,abc123,e154-40ba,9,10
cf9ea0b5,2021-08-16,954f-47a1,abc123,2000,101
7de0fded,2021-08-17,abc123,cd31-49f0,38,3
bc96a22d,2021-08-17,abc123,882d-4da3,24,3
1d558d87,2021-08-17,abc123,b8d6-4e53,41,3
05d8e486,2021-08-18,abc123,ebc4-44c0,80,10
484cae03,2021-08-18,abc123,a6b1-4a1c,59,3
5cd06dc4,2021-08-18,abc123,8796-4310,13,1
82f20d0a,2021-08-19,06a3-4695,abc123,817,102
1610b2b0,2021-08-19,abc123,5891-4f05,82,10
d954d523,2021-08-19,abc123,5417-4f19,13,5
2c27f6d0,2021-08-19,abc123,dd82-4477,1247,2
57398eda,2021-08-20,abc123,1b6a-4cf0,6,4
3021fcaa,2021-08-21,6472-44e5,abc123,363,102
0928065e,2021-08-21,abc123,9e8f-42c2,363,6
038ead15,2021-08-21,abc123,7c41-4259,11,4
58a94a67,2021-08-23,abc123,dc15-4ddb,4,9
5c07ef99,2021-08-23,abc123,973c-4331,9,3
95da4975,2021-08-25,abc123,b34c-4116,22,3
fcfc4f3b,2021-08-26,abc123,90e7-4d27,6,10
024a2d48,2021-08-26,abc123,0a1b-4e12,10,7
7d97f053,2021-08-26,abc123,85b9-45c6,30,6
30669683,2021-08-28,abc123,695c-4ef8,89,8
3b979aa5,2021-08-29,abc123,cc8d-4130,7,12
39c7cc02,2021-08-29,abc123,3924-499e,30,14
f30470af,2021-08-30,abc123,0ede-46c0,37,9
b996b74b,2021-08-30,3e5a-4e14,abc123,2000,101
f5b58a46,2021-08-30,abc123,c4fa-4594,10,3
2a25485e,2021-08-31,abc123,c70b-4d49,11,5
fb207089,2021-08-31,abc123,5def-4d42,41,3
ede66832,2021-09-02,abc123,1bd3-472d,75,16
e1fec41c,2021-09-02,abc123,dbc8-465b,35,6
9d9df9b1,2021-09-04,abc123,af97-401d,60,6
d9e35f13,2021-09-06,abc123,1592-4a7e,24,3
3d5f5f45,2021-09-07,abc123,eb35-45fd,4,10
3edbd526,2021-09-07,abc123,4d87-4c9d,35,3
fc3f922a,2021-09-08,abc123,7a13-4ec9,21,10
9e36eb24,2021-09-09,abc123,d22a-4d56,42,5
2bcc1426,2021-09-10,abc123,5486-46ed,224,5
823a20bb,2021-09-10,abc123,1ba8-4571,41,1
7d2696e3,2021-09-11,abc123,2649-436c,210,5
d11a9ef3,2021-09-11,abc123,7b6b-4622,74,13
fa874db2,2021-09-12,736b-401b,abc123,769,103
a3336661,2021-09-12,f74e-406f,abc123,1216,102
0f05305b,2021-09-12,abc123,3678-4201,1216,6
c806159d,2021-09-13,8c27-4613,abc123,2000,101
0c449ebd,2021-09-14,abc123,fd0d-423a,22,10
2e432d7b,2021-09-15,abc123,2018-4ec1,39,9
52dd61ac,2021-09-15,abc123,cd2c-4428,51,10
05c3dcc4,2021-09-15,abc123,f576-4b62,68,5
17be9be8,2021-09-16,abc123,a59a-44d0,5,10
4a666b0d,2021-09-17,abc123,9a39-42ae,13,1
4153bf8b,2021-09-19,abc123,a22d-4aea,49,1
fed296d4,2021-09-20,abc123,0c70-4413,42,10
7227aeef,2021-09-20,abc123,25e0-47de,11,4
4cde821d,2021-09-21,abc123,74a3-4992,7,11
3c3ba8f2,2021-09-21,abc123,087a-4c46,20,11
fc34791b,2021-09-22,abc123,68d1-4aab,22,5
56bbd6f7,2021-09-22,abc123,3da6-4389,117,1
ee8309a5,2021-09-25,3a78-4769,abc123,601,103
3ce950cd,2021-09-25,abc123,2fbd-4665,601,6
129387a3,2021-09-25,abc123,8476-42db,10,7
78066edb,2021-09-25,abc123,ff4d-4168,30,6
9ccc7bf4,2021-09-26,abc123,b739-4b41,111,8
c856468f,2021-09-27,abc123,3ee2-4988,57,10
f9ed7180,2021-09-27,0de9-44bb,abc123,2000,101
38b7fbfc,2021-09-28,abc123,e844-4b9c,27,15
6d027ce9,2021-09-28,abc123,088b-4410,33,9
cbd0e0c5,2021-09-28,abc123,ba1d-4e1a,78,3
2d710d1a,2021-09-30,abc123,a923-4ae0,67,10
420d98ba,2021-10-01,abc123,b27b-41f8,60,6
433dc6df,2021-10-03,abc123,5be3-4d38,29,14
49affd48,2021-10-03,abc123,ba56-4799,35,6
d50316e2,2021-10-04,abc123,4bb9-4c3a,75,16
8a32b209,2021-10-04,abc123,8eab-456f,6,1
2ec91800,2021-10-05,2fe3-4f61,abc123,207,103
2fa35962,2021-10-05,abc123,868c-4c6a,31,10
5d67a3ab,2021-10-05,abc123,8751-4526,23,3
22c6afd6,2021-10-07,8a6c-4c40,abc123,283,102
a94ad887,2021-10-07,abc123,43d2-40bf,26,3
b281718c,2021-10-07,abc123,1b9f-4d51,32,1
e5bdb70b,2021-10-08,abc123,ddd0-447c,283,6
1c83b306,2021-10-10,abc123,9fd0-408c,39,9
7be790f1,2021-10-11,abc123,d122-4c87,74,13
5b30cf13,2021-10-11,16f7-4b94,abc123,2000,101
598e8747,2021-10-14,abc123,8607-4860,9,17
18f45678,2021-10-14,abc123,6daa-4d13,91,10
4fec18ae,2021-10-15,abc123,0c3e-4e43,20,4
091fff8a,2021-10-15,abc123,bcbe-43a9,6,4
749e421a,2021-10-18,abc123,776e-4493,38,9
93cbbe2e,2021-10-18,abc123,d18f-441d,6,10
956cd460,2021-10-18,abc123,b799-4b66,13,1
70c4de27,2021-10-19,40a5-48b8,abc123,235,102
0ba4a3d8,2021-10-19,11f1-44b7,abc123,466,103
e1e0ffb0,2021-10-20,abc123,fb4b-4d60,65,3
76113fc4,2021-10-21,abc123,6145-4a90,235,6
3d1856de,2021-10-21,abc123,9c23-4e4d,24,10
ce825166,2021-10-21,abc123,8808-4a20,11,4
d2cc29d3,2021-10-23,abc123,e7b0-4303,4,12
32db4f8b,2021-10-25,d2b0-42eb,abc123,2000,101
b10a844d,2021-10-25,abc123,a45e-4c29,30,6
4013ae7a,2021-10-26,abc123,b960-47c3,16,11
bf07eef4,2021-10-26,abc123,8f8e-4fd5,9,10
9bd5c2c4,2021-10-26,abc123,fc54-4320,10,7
d2ea4b58,2021-10-27,abc123,d2cc-4509,46,10
5639c4c4,2021-10-29,abc123,6e0e-448b,12,10
af6f19e3,2021-10-29,abc123,19ef-492e,89,8
1c827445,2021-10-31,d5c8-4dfe,abc123,283,102
0bd85ac1,2021-10-31,abc123,c17d-4648,283,6
cea000ae,2021-10-31,abc123,ffc3-48e9,7,10
8633fc4f,2021-11-01,abc123,c361-4923,60,6
4873c79a,2021-11-02,abc123,38d6-40c5,3,12
744c6e4c,2021-11-02,abc123,a8d2-4a5c,22,11
5d30c3dc,2021-11-02,abc123,3d2d-411b,13,10
5232fce3,2021-11-04,abc123,91ce-4efb,35,6
4ade416b,2021-11-05,abc123,46bb-4fac,38,9
86c0bacd,2021-11-05,abc123,437d-4fe3,2,10
17222691,2021-11-06,abc123,cba2-4278,75,16
f3f99fcb,2021-11-06,6305-4ca0,abc123,89,102
7347a287,2021-11-06,abc123,8f4e-41b6,30,14
7c9682a1,2021-11-07,abc123,b45d-453a,89,6
5e9b52c8,2021-11-08,2455-4ca4,abc123,2000,101
d0c621e7,2021-11-09,abc123,6aec-44f6,8,3
ad0092ea,2021-11-09,abc123,f869-4bd0,74,1
29406a58,2021-11-11,ab54-4ae5,abc123,942,102
01d6d8ab,2021-11-11,abc123,f835-49b7,74,13
b15e7340,2021-11-12,abc123,3ea2-4bc4,9,10
678fefa8,2021-11-13,abc123,2f0f-4b1e,3,12
6e3bd1d5,2021-11-13,abc123,0515-44d0,22,11
0decc2db,2021-11-14,abc123,8c33-4437,7,10
e09cf213,2021-11-17,abc123,625a-4a8f,13,1
c6f452f3,2021-11-18,abc123,244d-41c5,1247,2
25af3690,2021-11-18,abc123,e9c2-4d2e,25,4
dfffe6be,2021-11-18,abc123,a339-472f,36,3
7242679c,2021-11-20,abc123,2c80-43ea,34,9
2ad26c54,2021-11-20,abc123,9ad6-4aed,11,4
1882406b,2021-11-21,abc123,ce7e-469a,44,10
7a92d10d,2021-11-21,abc123,b0db-4bf3,212,1
9268347f,2021-11-22,abc123,0336-44aa,6,4
4d193374,2021-11-22,3b56-4a7e,abc123,2000,101
6c0ab080,2021-11-24,c519-447a,abc123,259,103
9c96962e,2021-11-25,ab88-4c3a,abc123,242,102
eea57e7d,2021-11-25,abc123,86cc-4624,259,6
bb5da155,2021-11-25,abc123,1077-4c98,10,7
d41f4e86,2021-11-26,abc123,f8c0-42db,242,6
164843e3,2021-11-26,abc123,fe63-4e33,5,10
8c43030f,2021-11-26,abc123,6c84-4459,30,6
6e4ead4f,2021-11-27,abc123,30ce-489e,89,8
4971e383,2021-11-30,abc123,73d1-4d88,33,9
057cafa4,2021-12-01,abc123,e62c-4b71,36,9
89cb08ac,2021-12-03,abc123,8d73-417c,15,11
843768a0,2021-12-03,abc123,f700-44c5,35,6
0beb0cca,2021-12-03,abc123,94b1-4d18,60,6
60ffc2c8,2021-12-04,abc123,fcd8-4bcf,28,15
674d4a2b,2021-12-04,abc123,8afb-424c,75,16
61c34f96,2021-12-06,2f39-4549,abc123,61,102
36d3d16f,2021-12-06,dec0-456e,abc123,102,103
98c18239,2021-12-06,abc123,1ed2-494b,102,6
0f2b85da,2021-12-06,bb63-4b15,abc123,2000,101
be987880,2021-12-07,abc123,e78b-4405,28,10
d14bb71f,2021-12-07,abc123,743b-45b0,30,14
83f81a49,2021-12-09,abc123,c2a3-4796,61,6
251953de,2021-12-09,abc123,f360-4cd1,9,11
7f65fefe,2021-12-10,abc123,1d72-4412,26,3
c0ef87bd,2021-12-11,abc123,72a0-4f50,74,13
edff337c,2021-12-12,abc123,6bd6-446d,33,9
c7d1236d,2021-12-14,abc123,3c94-42ca,7,10
2978d241,2021-12-16,abc123,7fb2-4676,34,3
97994bbf,2021-12-17,abc123,e6c2-41d0,6,15
b3a937cf,2021-12-18,abc123,5acd-45a4,13,1
6d7ff146,2021-12-19,9776-4a9f,abc123,816,102
cdf3904d,2021-12-19,abc123,dd24-477e,40,9
b9b1fc7a,2021-12-19,abc123,01df-43e1,1247,2
4a895b63,2021-12-20,abc123,fecb-4621,6,10
3513877a,2021-12-20,595b-41fe,abc123,2000,101
e0e7bd49,2021-12-21,abc123,6227-40ce,11,4
dfacefc4,2021-12-23,abc123,0668-4525,76,1
29b73ca9,2021-12-26,abc123,b434-4636,10,7
e938576c,2021-12-26,abc123,c9db-4fb0,30,6
d593bdf3,2021-12-27,abc123,cd42-4a84,89,8
c2fcc9a6,2021-12-28,abc123,dc2f-4391,13,11
eea3a317,2021-12-28,abc123,f27d-42ff,33,9
e55141fa,2022-01-01,8d8f-45f5,abc123,269,102
2f3ae260,2022-01-01,8621-4628,abc123,159,102
83e37c52,2022-01-01,abc123,fe8a-493a,41,9
0fffc858,2022-01-01,abc123,ad3f-4478,5,10
f7f38d1f,2022-01-01,abc123,6981-448e,60,6
4b14dd2e,2022-01-02,abc123,047e-4423,269,6
6731ba52,2022-01-02,abc123,23f6-4405,35,6
d4ea4b6a,2022-01-03,df63-4861,abc123,2000,101
d06e5f5f,2022-01-03,abc123,ee3e-439f,14,1
60e49edc,2022-01-04,abc123,e3b1-407a,23,1
0867957a,2022-01-06,abc123,279b-48e6,75,16
7e04ddd2,2022-01-07,7b6f-4e87,abc123,34,103
716bd7f2,2022-01-07,f32f-491d,abc123,99,102
fd866e63,2022-01-07,abc123,a6de-4ec4,99,6
23b7e1e7,2022-01-08,abc123,dbd4-45b4,34,6
06af633d,2022-01-10,abc123,c734-46de,42,3
de7164ff,2022-01-13,abc123,4a36-44e0,74,13
34b54018,2022-01-16,abc123,c1d5-4593,35,9
c0f923e2,2022-01-17,abc123,c3d9-4b62,11,10
2cfe2294,2022-01-17,7915-4140,abc123,2000,101
067694c0,2022-01-18,abc123,37b6-4612,47,15
0a738dba,2022-01-18,abc123,ab50-40e1,13,1
c62e2236,2022-01-19,abc123,5f43-4fcf,109,1
ea62b1c3,2022-01-21,29e5-4779,abc123,687,102
5d508d61,2022-01-21,abc123,4682-4373,687,6
7a449e50,2022-01-21,abc123,5d0c-4bd5,11,4
91539279,2022-01-24,abc123,acc8-4032,30,6
3c881fcb,2022-01-26,abc123,9dcd-4195,18,15
e8cdc93d,2022-01-26,abc123,951d-4979,10,7
c43a0389,2022-01-28,abc123,6bb2-46c3,38,9
217a6faf,2022-01-28,abc123,d84f-4ca5,7,10
8b47b896,2022-01-29,abc123,2c33-4a2d,47,10
bfaa31be,2022-01-29,abc123,0be0-49a4,89,8
968b7725,2022-01-30,abc123,fc19-4afe,5,10
f917b6ec,2022-01-31,140e-48fd,abc123,134,102
71224b2c,2022-01-31,ee87-4d32,abc123,2000,101
496365e9,2022-02-03,abc123,4f46-4019,10,10
46764858,2022-02-03,abc123,40e9-45ef,8,10
e92c3ab4,2022-02-03,abc123,70e4-4313,35,6
273c059c,2022-02-04,abc123,5943-4e6a,4,10
01512ec8,2022-02-04,abc123,f869-4caf,60,6
ab024b8b,2022-02-05,abc123,7787-4680,75,16
a79548d0,2022-02-05,abc123,a9d1-461f,30,14
a63012d4,2022-02-06,abc123,d8bb-431d,47,1
c2272705,2022-02-08,abc123,3bdc-44e0,69,5
93e3f318,2022-02-08,abc123,42f6-4741,6,5
dc4f9a54,2022-02-11,abc123,793d-4d11,74,13
03860c8a,2022-02-11,abc123,0f45-4c81,48,3
53ee4a7b,2022-02-12,abc123,cb8f-4fc7,5,12
93235a37,2022-02-12,abc123,c226-4eaf,38,9
39b250ac,2022-02-13,abc123,7889-4f20,40,9
f7f670cd,2022-02-14,dbd6-4949,abc123,128,103
beeac872,2022-02-14,4de4-40e7,abc123,284,103
5ad15952,2022-02-14,abc123,4cac-4bd8,284,6
6d620011,2022-02-14,abc123,6881-4942,13,10
3159c3c3,2022-02-14,fc57-41f2,abc123,2000,101
61a266f3,2022-02-15,abc123,e981-41c8,23,3
6c602f7a,2022-02-15,abc123,0e0d-4de9,46,3
8a544e52,2022-02-17,abc123,961d-47e8,3,12
e6860e0e,2022-02-17,abc123,4721-4769,128,6
c18ea6bb,2022-02-17,abc123,becb-4dc9,15,10
e9afb110,2022-02-17,abc123,f413-4924,13,1
a9effd7b,2022-02-18,69e7-495c,abc123,124,103
c0a56a2c,2022-02-18,abc123,a4b6-4aeb,124,6
f7314e28,2022-02-20,abc123,c915-48f6,11,4
88db9661,2022-02-22,abc123,4e0f-4bc6,27,3
2265cadd,2022-02-24,abc123,f177-4fba,38,9
7fa4f4ff,2022-02-24,abc123,ac21-4f71,80,5
3654ebd0,2022-02-24,abc123,cb62-4d48,31,5
13a30bd2,2022-02-25,abc123,6518-4921,10,7
e8bcd23b,2022-02-25,abc123,bd3a-4ef2,19,1
7e342908,2022-02-25,abc123,e7fa-4b98,30,6
d1779ffe,2022-02-26,abc123,ef25-4cb6,53,10
ca52507e,2022-02-27,abc123,c49c-45ef,89,8
7094bc28,2022-02-28,b6da-4375,abc123,2000,101
906d9904,2022-03-04,abc123,37f0-408e,60,6
26756fc7,2022-03-05,abc123,cf71-46df,35,6
a66b730e,2022-03-06,abc123,8a51-4c93,75,16
a3aa4644,2022-03-06,abc123,6e0f-4657,33,10
f82b8321,2022-03-06,abc123,c2d1-4730,45,5
fe0f61bb,2022-03-06,abc123,4cca-4fbf,8,3
f35728f7,2022-03-09,20af-455d,abc123,544,103
fd142fcf,2022-03-10,8571-48fe,abc123,353,103
6915687c,2022-03-10,abc123,648f-42b2,353,6
7e894c30,2022-03-10,abc123,33ef-45f3,34,9
6e4ed1eb,2022-03-11,abc123,257b-4460,7,10
eae8cfbd,2022-03-13,abc123,efda-4a68,74,13
81d4c909,2022-03-13,abc123,f882-4c39,29,1
a3ddf239,2022-03-14,134f-4075,abc123,2000,101
63c9951a,2022-03-15,abc123,a9fc-4bb1,25,3
eea9f6fd,2022-03-16,abc123,3925-435d,12,15
da0c5ff0,2022-03-16,abc123,82d7-4fd6,14,18
61c6f9eb,2022-03-16,abc123,739b-4701,92,10
13689458,2022-03-16,abc123,7e4f-46b0,54,3
5b1db070,2022-03-19,abc123,a782-49ee,5,10
08288bb8,2022-03-20,abc123,33f3-415d,13,1
d1833cc0,2022-03-21,7827-4811,abc123,262,102
7f06e1d0,2022-03-21,abc123,f56d-4cb0,262,6
db6f3bb8,2022-03-21,abc123,0693-4f1f,1209,2
319b88fe,2022-03-22,abc123,af47-40fb,23,11
ba65321b,2022-03-23,abc123,26a2-46d0,11,4
a5498c4a,2022-03-24,abc123,1629-4034,36,9
22a8e752,2022-03-25,abc123,2103-4205,53,1
6a22eb7d,2022-03-25,abc123,634a-450f,30,6
3f246d6f,2022-03-27,abc123,292c-49ba,5,10
8dfd03e8,2022-03-28,abc123,9429-4134,10,7
0ad222dc,2022-03-28,f2b3-4a74,abc123,2000,101
5e6dcb04,2022-03-29,abc123,e279-498e,27,15
c9577f65,2022-03-29,abc123,780a-4aa7,14,11
1ebb67ca,2022-03-29,abc123,d2b0-4dc8,24,10
db947c38,2022-03-31,abc123,20ae-4a90,10,10
b2cab0a2,2022-03-31,abc123,f66a-4b04,22,3
afe04347,2022-04-01,abc123,1bf1-4fc3,4,10
e07121f5,2022-04-01,abc123,bb81-4ef6,37,10
21102888,2022-04-01,abc123,c303-4173,10,10
0efa4656,2022-04-01,abc123,5942-422a,89,8
57693e62,2022-04-02,abc123,33fc-4072,60,6
fe5950c6,2022-04-04,abc123,6ddf-4887,35,6
1ba729ed,2022-04-05,abc123,2d23-4a3f,22,15
20db0cd8,2022-04-05,abc123,c8d1-43a9,15,5
440a738b,2022-04-05,abc123,f6cc-4cb4,6,5
adcbdba5,2022-04-05,abc123,1833-44d2,23,3
f113a73e,2022-04-07,abc123,5a4d-4e8c,20,15
e5ecdaca,2022-04-07,abc123,8d9c-4d04,29,9
e7f88b16,2022-04-07,abc123,6aa3-4a50,10,5
37eb5a08,2022-04-08,abc123,57b7-4a63,75,16
93ac194e,2022-04-08,9f31-4efc,abc123,421,102
3857fe11,2022-04-09,abc123,2992-47d9,5,10
de53cbe3,2022-04-09,abc123,83c8-4e40,37,5
f215e664,2022-04-11,6962-4e11,abc123,2000,101
78f0cbf4,2022-04-14,abc123,b8e3-4738,16,15
7337d8e4,2022-04-14,abc123,7a34-41b7,74,13
cd79167a,2022-04-15,abc123,de69-4023,17,4
c6129b22,2022-04-15,abc123,9221-4698,28,3
abd489a5,2022-04-17,5676-4832,abc123,582,102
dab03fe8,2022-04-17,2850-4c16,abc123,751,103
3778e4cc,2022-04-18,abc123,def8-4b66,582,6
8bc789ee,2022-04-18,abc123,a6ff-4757,6,10
167e59d3,2022-04-19,abc123,fe61-4976,5,10
d5bd009b,2022-04-19,abc123,423b-498a,8,3
52114f21,2022-04-19,abc123,bea0-4960,13,1
e258ad6e,2022-04-21,abc123,b193-48ea,30,9
20b81d02,2022-04-21,abc123,2469-4ee0,148,10
cad3c737,2022-04-21,abc123,7183-4c3f,1209,2
9b0d2aa1,2022-04-22,abc123,0ca3-4570,3,12
52475c8a,2022-04-22,abc123,123b-4363,20,11
d460d06a,2022-04-22,abc123,cec6-4909,11,4
85b46307,2022-04-24,abc123,e103-43e0,21,10
cafdd78c,2022-04-24,abc123,694c-48be,13,10
5fdf6e39,2022-04-24,abc123,c37d-4d3c,40,6
7a2a34ce,2022-04-25,abc123,7ba7-4d9c,30,14
8925aa9e,2022-04-25,236a-4d33,abc123,2000,101
66527876,2022-04-26,abc123,fa34-49d7,12,10
54935cf9,2022-04-27,abc123,dc0e-47e6,10,7
ea966e0b,2022-04-29,abc123,433b-4ee8,10,3
ec0ba4cf,2022-04-30,abc123,5197-44fc,89,8
4892b259,2022-05-01,abc123,3582-4ced,27,3
026b68e9,2022-05-02,abc123,625c-4c44,21,10
b11ff87b,2022-05-02,abc123,5f8f-4e94,17,5
31998e0b,2022-05-02,abc123,9b3c-446d,60,6
c549a233,2022-05-05,abc123,e775-433e,63,18
251cd240,2022-05-05,abc123,18a4-4684,20,9
e1d81315,2022-05-05,abc123,095f-4490,35,6
8d46ad32,2022-05-06,abc123,2d69-44e3,3,12
89403295,2022-05-06,805f-4277,abc123,311,103
b4cc95fd,2022-05-06,abc123,3448-40c9,311,6
c45cb639,2022-05-06,abc123,05fd-4b51,56,3
993bd2e5,2022-05-06,abc123,458d-4736,49,1
514a3eb0,2022-05-06,abc123,07a1-4a24,41,1
cbdf6649,2022-05-06,abc123,77a6-40b0,24,1
69a3655f,2022-05-07,abc123,0bcb-4a20,75,16
76ece5b3,2022-05-07,abc123,dab8-47d1,43,1
491b5c6a,2022-05-08,0864-4c10,abc123,464,103
eef5fb52,2022-05-08,abc123,ce1a-41fb,30,9
30220a59,2022-05-09,abc123,fec1-4b88,464,6
dcc3e315,2022-05-09,e7a4-4544,abc123,2000,101
1af614ee,2022-05-10,abc123,3ad5-472f,21,11
360fdf62,2022-05-10,abc123,7fb4-4a7c,22,5
e44c8a51,2022-05-11,abc123,e977-469b,28,5
00c18ee3,2022-05-12,abc123,27cb-4978,38,5
c25f7454,2022-05-14,abc123,8fe9-4c99,56,11
f5417c31,2022-05-14,abc123,09b6-47fb,32,9
cfbeac9b,2022-05-14,abc123,fa7a-4b27,7,9
f81683bc,2022-05-14,abc123,8de6-4865,75,13
43104fb3,2022-05-14,abc123,4d5b-4786,44,1
4df857a6,2022-05-16,abc123,1d4a-483e,12,15
654d67eb,2022-05-17,abc123,586f-47fb,14,15
a1be5f8d,2022-05-17,e043-4351,abc123,860,103
b058af7a,2022-05-17,abc123,2d90-4ad6,55,10
a5733abb,2022-05-20,abc123,d472-4869,13,1
c780ab09,2022-05-21,abc123,0aac-4527,499,6
5c861c8e,2022-05-22,abc123,4454-4188,1100,2
9ec7337f,2022-05-22,abc123,0be7-4143,42,1
e33f1427,2022-05-23,c322-4137,abc123,2000,101
f87062c2,2022-05-24,abc123,8253-4b36,23,3
3333afa8,2022-05-27,abc123,ece2-433e,45,6
7c0510b3,2022-05-28,2e76-4cf3,abc123,491,103
bc59eaab,2022-05-28,abc123,f6be-4783,491,6
795245de,2022-05-28,abc123,f2be-46a7,281,6
fb7ca2c3,2022-05-28,abc123,afef-4d5a,10,7
d2a75c91,2022-05-29,abc123,7df2-4ca0,58,10
6df64808,2022-05-29,abc123,638d-43b6,30,14
11153a0a,2022-05-29,abc123,ce5a-4246,65,8
398e8827,2022-06-02,abc123,b99b-40ff,28,9
a7e9d13f,2022-06-03,abc123,222f-40ca,6,10
da46376e,2022-06-04,abc123,1fde-40fd,35,6
be678395,2022-06-04,abc123,fe0d-415e,60,6
b3cbaeed,2022-06-06,abc123,54f2-4f3e,75,16
64848a70,2022-06-06,4e8d-4b9d,abc123,2000,101
01e7e6bf,2022-06-09,4358-4874,abc123,277,103
e444d2fd,2022-06-10,abc123,5ed1-4544,277,6
d3ddbccd,2022-06-12,abc123,623b-4e7a,21,10
098503ca,2022-06-12,abc123,a91a-434f,11,1
cc47752d,2022-06-12,abc123,972b-4a83,4,1
cb13e684,2022-06-13,abc123,71fa-4c00,75,13
3a84a38e,2022-06-19,abc123,5323-4b66,1900,6
742d3c7f,2022-06-19,abc123,2596-446d,31,9
1a3c366a,2022-06-20,a429-478b,abc123,2000,101
70cfb1a0,2022-06-20,abc123,9194-4c13,9,3
48df6be1,2022-06-20,abc123,e8c3-449a,13,1
e4b959aa,2022-06-23,abc123,7342-4ba4,86,5
4a7c20d5,2022-06-23,abc123,9e2b-4a66,11,19
704cfcad,2022-06-26,abc123,9a1d-4d63,65,6
bc1ee239,2022-06-27,abc123,3366-491a,3,12
242cc8cd,2022-06-27,abc123,7c09-4534,27,3
30deee3b,2022-06-28,abc123,82a5-4b06,10,7
cff57bfd,2022-06-30,abc123,461e-43bb,3,12
0b0725f6,2022-06-30,abc123,cea9-47c2,133,6
c98616d9,2022-06-30,abc123,7d32-40b8,24,9
83702c01,2022-07-01,abc123,5d16-477b,30,10
83ff3fd7,2022-07-01,abc123,54b6-4efb,65,8
8a66822f,2022-07-02,abc123,48b1-479f,8,10
63fc8c57,2022-07-04,d394-42b1,abc123,207,102
07a5cbb5,2022-07-04,abc123,f872-4554,207,6
c4473797,2022-07-04,abc123,f225-4d6b,4,10
e50d2d1e,2022-07-04,2815-42c6,abc123,2000,101
16ae1ebd,2022-07-04,abc123,541c-415a,60,6
0b9872f3,2022-07-05,abc123,9099-4dbe,8,15
f0d44519,2022-07-05,abc123,b9a0-44cf,32,3
386eca03,2022-07-05,abc123,2c1a-4205,37,1
6893cdb7,2022-07-08,abc123,cb30-43fd,35,6
fdf5158b,2022-07-09,abc123,ec50-44d7,75,16
0b55501b,2022-07-09,3090-4854,abc123,292,103
4d2f6202,2022-07-09,abc123,ccc8-49d2,30,14
eebe2759,2022-07-10,abc123,ce2a-4372,292,6
31533d64,2022-07-10,abc123,6760-490f,46,10
edd0856e,2022-07-14,abc123,598c-432c,33,9
44a24a89,2022-07-14,abc123,219f-4080,75,13
bf2f281c,2022-07-16,abc123,a902-4071,25,3
2fc929f8,2022-07-17,abc123,5e1e-4503,32,10
261ee36c,2022-07-18,9127-49da,abc123,2000,101
9e8c65bf,2022-07-18,abc123,a670-4d1b,13,1
e3e2345c,2022-07-21,abc123,ca0c-4d7e,92,10
1b91c924,2022-07-21,abc123,7d9e-410d,1100,2
c6c0d1ad,2022-07-21,abc123,04db-475d,11,19
33125d24,2022-07-22,abc123,9b22-4014,7,3
c0d96e7d,2022-07-23,abc123,3fe0-4a1f,491,6
6ffded90,2022-07-25,abc123,a00c-4f08,34,9
aa13a2ca,2022-07-25,abc123,65ed-4f1c,27,1
4eeaf3a5,2022-07-25,abc123,3d00-49c6,49,6
671da6b6,2022-07-26,abc123,fb47-41b6,10,7
dc64b7b6,2022-07-29,abc123,445f-4e19,65,8
02754044,2022-07-29,abc123,b3bf-4dcd,3,3
33609527,2022-07-30,313b-44ca,abc123,532,103
692e18b5,2022-07-30,be4b-4cb4,abc123,301,102
4043b683,2022-07-31,abc123,f3c9-426a,305,6
2cabd357,2022-07-31,abc123,7a19-4095,301,6
9e0d0b8d,2022-07-31,abc123,5743-4a53,8,3
08626e12,2022-08-01,d6f0-4e77,abc123,2000,101
070feef8,2022-08-01,abc123,8bc8-4890,60,6
51f49214,2022-08-04,abc123,774f-41d9,320,20
5a68f8a2,2022-08-04,abc123,b9c3-46f5,16,10
bcb38440,2022-08-05,abc123,d9fc-4c94,13,1
ec9de240,2022-08-05,abc123,ef3c-44cb,35,6
5a1e717f,2022-08-06,abc123,08e1-4732,75,16
af852398,2022-08-08,abc123,2dcd-45aa,37,9
45913ccb,2022-08-09,abc123,c894-4ad5,5,12
577746c5,2022-08-11,abc123,1d7c-4077,75,13
30bf3e61,2022-08-12,abc123,a8ed-49ef,16,1
d333c017,2022-08-13,abc123,1dfc-4fa6,49,15
937d1a6b,2022-08-13,abc123,bc50-4566,4,10
50f082dd,2022-08-15,e96d-4b2c,abc123,2000,101
1d96f37b,2022-08-16,abc123,3947-4f0e,12,12
e5582398,2022-08-17,abed-4634,abc123,957,102
44597570,2022-08-18,abc123,f50d-4bf3,1552,6
e1b0989d,2022-08-18,94eb-4179,abc123,600,103
738039d3,2022-08-18,abc123,a06c-4934,13,1
93ce7b52,2022-08-19,abc123,6aff-4d4b,1100,2
ab5cc7ca,2022-08-21,abc123,6989-40b3,5,10
a9ad7b4f,2022-08-21,abc123,6268-4cab,35,1
acb0fff4,2022-08-21,abc123,74f6-4f5f,11,19
625483a8,2022-08-23,abc123,6aeb-4748,27,1
c7d1ad92,2022-08-25,abc123,e4af-4c50,30,6
1ec8fec9,2022-08-26,abc123,b697-413d,436,6
bb69a000,2022-08-26,abc123,b13d-44c0,10,10
848f238f,2022-08-26,abc123,b33b-4667,30,14
4e38a110,2022-08-26,abc123,bbcb-4487,10,7
066f621d,2022-08-27,abc123,acce-4fd2,65,8
6fb0c5f6,2022-08-29,abc123,e75d-464e,44,20
b4afa6b0,2022-08-29,abc123,1cef-4603,41,10
0771e3c8,2022-08-29,faa4-4ce8,abc123,2000,101
82e36aa2,2022-08-30,abc123,ae05-4628,38,9
84c6e00a,2022-08-30,abc123,fea4-4e6b,16,10
fa5038ce,2022-08-30,abc123,a0e4-4931,20,3
3ad49ab8,2022-09-01,abc123,acd8-4b9f,60,6
e95cbc40,2022-09-02,abc123,75ab-4fe1,35,6
45eb092d,2022-09-04,abc123,20ad-4a20,75,16
cbfea4a6,2022-09-04,8937-42d1,abc123,604,102
ee6ca670,2022-09-04,852d-41a2,abc123,458,102
37dee1f9,2022-09-05,abc123,c7de-4b33,10,10
b6dcd157,2022-09-08,abc123,1a9e-43cc,14,15
97df1e07,2022-09-08,abc123,3aa9-4ed4,64,3
cde472c5,2022-09-09,abc123,7e3c-4fe0,29,5
5eb8eff0,2022-09-11,abc123,3c55-4643,75,13
a301e71d,2022-09-12,bac0-40e5,abc123,2000,101
9f58b251,2022-09-13,abc123,ab1a-4734,40,15
9b2fa922,2022-09-13,0b5b-464a,abc123,268,103
40acb6dd,2022-09-13,abc123,ad1c-413b,14,3
d7611ce2,2022-09-15,abc123,c5e5-4474,268,6
191887ee,2022-09-15,abc123,9dd1-4762,5,10
231176bf,2022-09-16,abc123,fe16-4346,39,9
f467c2c5,2022-09-17,abc123,7ee1-45d3,13,1
f5e0eda8,2022-09-20,abc123,aa5b-4a1b,13,19
4067ff1a,2022-09-22,abc123,3126-4986,16,1
1af525b1,2022-09-23,abc123,8c15-4ed5,38,1
d888427e,2022-09-25,abc123,68e1-4d72,331,20
014abc86,2022-09-25,abc123,be75-40b2,10,7
01f1d727,2022-09-25,abc123,1ef3-4bf2,3,1
7c58a6b2,2022-09-25,abc123,491f-4cc1,30,6
6154484d,2022-09-26,abc123,6f0f-47f9,21,20
38361f1c,2022-09-26,abc123,b9f2-4158,65,8
72b9e741,2022-09-26,9617-44ec,abc123,2000,101
8b94e961,2022-09-29,abc123,6f1b-485a,480,6
1a540a6f,2022-09-29,abc123,db1c-4b0f,35,9
41af258e,2022-09-29,abc123,9262-498f,98,3
a74f8c71,2022-09-29,abc123,9c2e-4b69,23,3
5e4be4ea,2022-09-30,abc123,238d-409c,2,10
5524ace7,2022-10-01,abc123,8890-4d2f,60,6
c03b90fa,2022-10-03,f85c-41d0,abc123,575,103
214969e7,2022-10-03,abc123,11f4-4dde,35,6
d7581ccc,2022-10-06,abc123,bca5-4a02,75,16
dc7b975f,2022-10-06,abc123,70b2-411a,415,6
02a23b0e,2022-10-06,abc123,cd1a-414c,32,3
73293d2e,2022-10-10,8c3b-4dce,abc123,765,103
f26fa37f,2022-10-10,abc123,402c-484a,27,5
16edd872,2022-10-10,ce9a-4f80,abc123,2000,101
532dd3f6,2022-10-10,abc123,e1bc-47e6,8,3
26d22c8e,2022-10-11,abc123,f0db-4f52,36,9
9a89ba89,2022-10-11,abc123,c0aa-4500,30,5
6b3c7324,2022-10-13,abc123,a2ee-442b,34,3
0681fe7d,2022-10-16,abc123,889c-44a6,75,13
a55816ec,2022-10-16,abc123,bd1b-4be0,34,3
90eca1a4,2022-10-18,abc123,9c5d-4491,13,1
c2b13564,2022-10-20,abc123,0882-451b,2,12
f2987c17,2022-10-20,c666-42bd,abc123,260,102
d1935c52,2022-10-20,abc123,a876-4dc4,1100,2
0e25a984,2022-10-21,abc123,ba8e-4797,30,14
e6e18c22,2022-10-21,abc123,81c7-495d,13,19
84ac6ae4,2022-10-22,abc123,291c-4d37,23,10
3d0b1056,2022-10-22,abc123,f8bf-4159,23,3
f64e82f6,2022-10-23,abc123,1b79-4180,3,12
b5f60a2c,2022-10-23,abc123,720e-4e72,5,10
a2427e36,2022-10-24,abc123,2006-4394,458,6
7e87aa3e,2022-10-24,c2e7-48c9,abc123,2000,101
cbb38b58,2022-10-24,abc123,c003-4b31,30,6
f88b3b99,2022-10-26,abc123,e1f3-4bc5,10,7
dd3177dd,2022-10-29,abc123,8e78-405b,65,8
2ca59ca8,2022-10-30,190c-4bec,abc123,152,103
fcea850d,2022-10-30,abc123,1d7d-4fd7,152,6
120fe7f3,2022-10-31,abc123,fc7e-40aa,10,10
bfbf1c9b,2022-11-01,abc123,dd73-437f,33,9
2ab44808,2022-11-03,abc123,4724-4cbf,35,6
683668de,2022-11-03,abc123,6a08-4d4a,60,6
22e4b7c2,2022-11-04,abc123,259a-41e7,15,15
3a2f366e,2022-11-04,abc123,42cc-4956,41,9
3ac757b8,2022-11-05,abc123,1bf3-4c9b,75,16
853bf501,2022-11-06,abc123,9e35-455e,375,6
fd7b337a,2022-11-06,fd58-4076,abc123,100,102
d483619d,2022-11-07,abc123,8428-47d1,100,6
85c8df50,2022-11-07,888e-434f,abc123,2000,101
44388e41,2022-11-10,abc123,5719-4713,15,15
619d7209,2022-11-14,abc123,a93c-4433,30,9
147b1fb1,2022-11-16,abc123,5e1c-46f6,75,13
64db49e6,2022-11-17,abc123,bbe6-4aad,7,12
5c658c85,2022-11-17,abc123,d3f4-4a66,99,10
71acf5d8,2022-11-17,abc123,ae9c-4ae7,24,3
aff03972,2022-11-17,abc123,c1c6-4f34,24,3
4829af88,2022-11-17,abc123,ce4f-4285,13,1
bdefee88,2022-11-18,abc123,9c2b-4ffb,229,5
f113fdbe,2022-11-18,abc123,443f-460c,1100,2
b115d835,2022-11-20,abc123,74e8-4e04,13,19
7823823d,2022-11-21,abc123,781c-4c40,19,15
27c61a1a,2022-11-21,b3b4-40a7,abc123,2250,101
4691aca0,2022-11-22,7a61-496c,abc123,220,102
6c82e16d,2022-11-22,abc123,0cd7-4847,92,10
1a1ad0f3,2022-11-22,abc123,e448-419e,23,3
0ac5e761,2022-11-23,abc123,f8de-4eed,103,5
b45c2614,2022-11-24,abc123,809c-42f8,305,6
81f586d6,2022-11-24,abc123,5ec3-4d6e,220,6
a1bef843,2022-11-25,4005-4f19,abc123,549,103
bedb5489,2022-11-25,abc123,0f87-4b1e,10,7
6c9f8bee,2022-11-26,abc123,6b8b-4ac2,65,8
c8924ffd,2022-11-26,abc123,c9b5-4164,30,6
d4823316,2022-12-01,abc123,4cc0-4ec8,87,10
059ec166,2022-12-02,abc123,cafe-4972,89,1
14dd777f,2022-12-02,abc123,87d0-454e,60,6
3bfe17ac,2022-12-03,abc123,33e6-4e33,35,6
f7f37a35,2022-12-04,abc123,6a5d-4425,75,16
452f1bc1,2022-12-04,abc123,9ab1-4154,36,9
3293e0b3,2022-12-04,abc123,549f-4bf7,29,10
fda0de51,2022-12-04,abc123,4f3d-41c7,8,3
663e1b0f,2022-12-05,e516-4885,abc123,115,103
a10696da,2022-12-05,7814-4a7c,abc123,2250,101
738894d1,2022-12-05,abc123,a97d-459c,28,3
b1313c5e,2022-12-08,8b85-4cc7,abc123,257,102
fbdf2c84,2022-12-08,abc123,3c42-4533,26,3
72212c82,2022-12-09,abc123,9502-4fcd,257,6
021916d4,2022-12-10,abc123,348d-4053,2,12
a4bc85a5,2022-12-13,abc123,de93-4e4c,30,14
bf23831a,2022-12-14,abc123,d5ae-4c2f,44,5
d78e2dde,2022-12-15,abc123,1366-450b,5,10
b35ec38e,2022-12-15,abc123,445d-4acd,44,3
558d0f37,2022-12-16,abc123,c4d4-49c9,15,10
5b61439e,2022-12-16,abc123,0078-409c,75,13
0e976ae8,2022-12-18,abc123,0d47-4bd6,13,1
40f52c51,2022-12-19,abc123,14be-4b25,1100,2
f76f36a8,2022-12-19,1373-43b6,abc123,2250,101
360f66d7,2022-12-20,abc123,a5df-4b71,36,9
32e12bc9,2022-12-20,abc123,2df1-4a43,3,10
4db5ea1d,2022-12-20,abc123,16f3-49d6,23,3
cebab474,2022-12-21,abc123,df47-44e2,13,19
4fe0571f,2022-12-22,abc123,0160-4173,18,15
d2311878,2022-12-22,28ec-489e,abc123,349,103
8cd9ab1f,2022-12-22,d875-4da0,abc123,117,103
d8a755fc,2022-12-23,abc123,a67e-4b37,521,6
3345535e,2022-12-23,abc123,bf45-4cb5,117,6
184d1b7b,2022-12-23,abc123,2323-4a45,125,5
69184e6c,2022-12-25,abc123,c5e8-4fd3,11,10
3c394198,2022-12-26,abc123,e624-4051,10,7
e60d78ac,2022-12-26,abc123,da28-4479,30,6
7cf758cd,2022-12-29,abc123,6830-484d,65,8
aa5cd1bb,2022-12-29,abc123,0524-4721,26,3
4573a3d5,2022-12-31,abc123,0798-4a58,2,12
50eb120b,2023-01-01,abc123,5c86-473a,335,6
7e6c7604,2023-01-01,abc123,359f-4d52,60,6
b1468bd2,2023-01-02,ffd7-402f,abc123,2250,101
3d2f2772,2023-01-02,abc123,1be2-4fc0,35,6
d9b079e4,2023-01-03,cff5-4974,abc123,87,103
1c7d1145,2023-01-03,abc123,a6c3-4afc,33,10
7d55b025,2023-01-03,abc123,d29c-4c54,19,14
d0c67907,2023-01-03,abc123,8bcc-4dbe,3,3
0f149151,2023-01-06,abc123,cc72-40ab,75,16
0f640f50,2023-01-06,abc123,51eb-4f51,2,12
5e3c6b6c,2023-01-07,abc123,c441-491e,34,9
f18f8b74,2023-01-09,abc123,df3e-40aa,2,12
0d404492,2023-01-11,abc123,686a-4146,39,3
701e433c,2023-01-12,abc123,dbc8-42f1,66,5
e5092bf7,2023-01-15,abc123,7f60-41e7,3,12
e62b58df,2023-01-16,abc123,95ab-4f6b,2,12
6af128e5,2023-01-16,abc123,3164-447c,75,13
535270d5,2023-01-16,cd1c-46ed,abc123,2250,101
cdb4f676,2023-01-17,abc123,ab93-4e14,68,5
dcba8f23,2023-01-17,abc123,6362-4ec6,41,3
44219c65,2023-01-18,abc123,94da-4bab,13,1
72a42c1e,2023-01-20,abc123,3ef5-43cd,1100,2
18497b47,2023-01-20,abc123,6683-4ca1,41,3
17e02140,2023-01-21,abc123,6fc7-4a71,13,19
c5dd11e9,2023-01-22,abc123,a729-4f16,3,12
1f86a5a3,2023-01-23,6e95-4b0c,abc123,1390,103
468af172,2023-01-23,abc123,3cec-4714,1390,6
a9cdc5b2,2023-01-23,abc123,da0d-48fb,502,6
fe7ef504,2023-01-24,abc123,18c5-4726,12,15
4109fe56,2023-01-25,abc123,b0c4-490d,19,15
144de1bd,2023-01-26,abc123,af45-47c8,28,9
50edcf17,2023-01-26,abc123,fd3b-441e,65,10
4a2fd04c,2023-01-26,abc123,4d4f-48a5,26,5
d75967b6,2023-01-26,abc123,4f27-47d4,10,7
5ac715e0,2023-01-26,abc123,defd-4cfa,30,6
015817bb,2023-01-28,d054-463a,abc123,360,102
ffb32ece,2023-01-28,abc123,7809-4aa8,65,8
b86c661d,2023-01-29,abc123,b4cc-4d38,360,6
26fa6714,2023-01-30,abc123,f23f-4f61,2,12
fed617a0,2023-01-30,1de6-46c9,abc123,2250,101
278ca1a8,2023-01-31,abc123,4d00-44a7,46,10
15c16361,2023-02-01,abc123,aa5d-4a60,47,1
f4e38d46,2023-02-02,abc123,4bf0-4589,90,6
62a76ee6,2023-02-02,0632-4721,abc123,90,102
74b9313c,2023-02-02,abc123,63e1-47b1,35,6
d7570662,2023-02-03,1ae9-4e1f,abc123,186,103
2bf7f088,2023-02-03,abc123,9f07-4720,60,6
4ecab115,2023-02-04,abc123,2a02-49af,75,16
56757f65,2023-02-05,abc123,15bf-4a0e,40,15
8a96fe1a,2023-02-05,abc123,5aea-48d4,2,12
cfb9cb11,2023-02-06,9afe-48c2,abc123,9,103
703325b2,2023-02-08,abc123,e3ef-443d,131,3
231c027c,2023-02-09,abc123,8c53-4212,9,6
cb52072f,2023-02-09,abc123,9994-4d8f,27,10
4abba89e,2023-02-09,abc123,0eb5-4413,24,1
3a7fd6c9,2023-02-13,d8e6-496b,abc123,2250,101
7f7db028,2023-02-14,abc123,b761-4ccf,33,9
37702733,2023-02-14,abc123,b1a4-4a74,4,9
fa3fbe61,2023-02-16,abc123,cf8d-41a9,1,12
01d6be89,2023-02-16,abc123,cd0e-48c5,75,13
